<?xml version="1.0" encoding="UTF-8"?>
<rss version="2.0" xmlns:atom="http://www.w3.org/2005/Atom">
  <channel>
    <title>Adam Verdin</title>
    <description>Hello, My name is Adam and I build and improve education technologies.</description>
    <link>http://localhost:4000/</link>
    <atom:link href="/feed.xml" rel="self" type="application/rss+xml" />
    <pubDate>Sun, 23 Apr 2017 20:25:16 -0400</pubDate>
    <lastBuildDate>Sun, 23 Apr 2017 20:25:16 -0400</lastBuildDate>
    <generator>Jekyll v3.4.3</generator>
    
      <item>
        <title>Project 1</title>
        <description>i-Learn is a learning technology designed to deliver training content through a Healthcare Training Software.  By leverage APIs and working with another software development team we were able to stand up a platform that did not require users to go to a Learning Management System.  Instead they could click on a button and launch the application.  My contributions in the project were UI/UX design, API development, and as Product owner.</description>
        <pubDate>Mon, 18 Jul 2016 00:00:00 -0400</pubDate>
        <link>http://localhost:4000/web%20development/2016/07/18/project-1/</link>
        <guid isPermaLink="true">http://localhost:4000/web%20development/2016/07/18/project-1/</guid>
        
        
        <category>Web Development</category>
        
      </item>
    
      <item>
        <title>Project 2</title>
        <description>Use this area of the page to describe your project. The icon above is part of a free icon set by &lt;a href=&quot;https://sellfy.com/p/8Q9P/jV3VZ/&quot;&gt;Flat Icons&lt;/a&gt;. On their website, you can download their free set with 16 icons, or you can purchase the entire set with 146 icons for only $12!</description>
        <pubDate>Thu, 17 Jul 2014 00:00:00 -0400</pubDate>
        <link>http://localhost:4000/web%20development/2014/07/17/project-2/</link>
        <guid isPermaLink="true">http://localhost:4000/web%20development/2014/07/17/project-2/</guid>
        
        
        <category>Web Development</category>
        
      </item>
    
      <item>
        <title>Project 3</title>
        <description>Use this area of the page to describe your project. The icon above is part of a free icon set by &lt;a href=&quot;https://sellfy.com/p/8Q9P/jV3VZ/&quot;&gt;Flat Icons&lt;/a&gt;. On their website, you can download their free set with 16 icons, or you can purchase the entire set with 146 icons for only $12!</description>
        <pubDate>Wed, 16 Jul 2014 00:00:00 -0400</pubDate>
        <link>http://localhost:4000/web%20development/2014/07/16/project-3/</link>
        <guid isPermaLink="true">http://localhost:4000/web%20development/2014/07/16/project-3/</guid>
        
        
        <category>Web Development</category>
        
      </item>
    
      <item>
        <title>Project 4</title>
        <description>Use this area of the page to describe your project. The icon above is part of a free icon set by &lt;a href=&quot;https://sellfy.com/p/8Q9P/jV3VZ/&quot;&gt;Flat Icons&lt;/a&gt;. On their website, you can download their free set with 16 icons, or you can purchase the entire set with 146 icons for only $12!</description>
        <pubDate>Tue, 15 Jul 2014 00:00:00 -0400</pubDate>
        <link>http://localhost:4000/web%20development/2014/07/15/project-4/</link>
        <guid isPermaLink="true">http://localhost:4000/web%20development/2014/07/15/project-4/</guid>
        
        
        <category>Web Development</category>
        
      </item>
    
      <item>
        <title>Project 6</title>
        <description>Use this area of the page to describe your project. The icon above is part of a free icon set by &lt;a href=&quot;https://sellfy.com/p/8Q9P/jV3VZ/&quot;&gt;Flat Icons&lt;/a&gt;. On their website, you can download their free set with 16 icons, or you can purchase the entire set with 146 icons for only $12!</description>
        <pubDate>Tue, 15 Jul 2014 00:00:00 -0400</pubDate>
        <link>http://localhost:4000/web%20development/2014/07/15/project-6/</link>
        <guid isPermaLink="true">http://localhost:4000/web%20development/2014/07/15/project-6/</guid>
        
        
        <category>Web Development</category>
        
      </item>
    
      <item>
        <title>Project 5</title>
        <description>Use this area of the page to describe your project. The icon above is part of a free icon set by &lt;a href=&quot;https://sellfy.com/p/8Q9P/jV3VZ/&quot;&gt;Flat Icons&lt;/a&gt;. On their website, you can download their free set with 16 icons, or you can purchase the entire set with 146 icons for only $12!</description>
        <pubDate>Mon, 14 Jul 2014 00:00:00 -0400</pubDate>
        <link>http://localhost:4000/web%20development/2014/07/14/project-5/</link>
        <guid isPermaLink="true">http://localhost:4000/web%20development/2014/07/14/project-5/</guid>
        
        
        <category>Web Development</category>
        
      </item>
    
  </channel>
</rss>
